 {
      "id": 326,
      "mozs": [
         107.6038818359375,
         134.33128356933594,
         150.55941772460938,
         206.6001434326172,
         215.8267364501953,
         225.3668975830078,
         242.1124267578125,
         255.5386505126953,
         293.3082580566406,
         297.6887512207031,
         318.2110595703125,
         325.3935241699219,
         362.68585205078125,
         375.1495361328125,
         401.8464660644531,
         437.23687744140625,
         519.3422241210938,
         534.3257446289062,
         663.8515625,
         725.8316040039062,
         802.3887329101562,
         803.7512817382812,
         806.3961791992188,
         806.8676147460938,
         821.7338256835938,
         836.7199096679688,
         924.6314086914062,
         935.0397338867188,
         939.4963989257812,
         950.1176147460938,
         950.4368896484375,
         950.7618408203125,
         1485.4617919921875,
         1564.653564453125,
         1696.9482421875,
         1817.0115966796875
      ],
      "intensities": [
         19.736242294311523,
         25.027137756347656,
         18.828161239624023,
         20.00016975402832,
         22.27349281311035,
         22.68971824645996,
         30.79971694946289,
         20.375415802001953,
         25.01085662841797,
         20.330263137817383,
         23.48836326599121,
         28.67893409729004,
         21.923234939575195,
         132.40602111816406,
         20.842819213867188,
         23.2161808013916,
         25.530811309814453,
         26.321300506591797,
         23.910924911499023,
         35.55045700073242,
         27.508949279785156,
         24.967493057250977,
         80.5830078125,
         53.4921760559082,
         22.06507682800293,
         20.326278686523438,
         22.257896423339844,
         22.32040023803711,
         24.840761184692383,
         37.213436126708984,
         123.45893859863281,
         45.92562484741211,
         25.763404846191406,
         23.267921447753906,
         28.1695613861084,
         24.992454528808594
      ],
      "precMoz": 806.62036133,"precIntensity": 9776.5,
      "intensityRanks": [
         29,
         11,
         35,
         30,
         21,
         22,
         7,
         31,
         12,
         32,
         16,
         8,
         24,
         0,
         33,
         23,
         13,
         14,
         17,
         6,
         9,
         15,
         2,
         3,
         25,
         34,
         26,
         27,
         18,
         5,
         1,
         4,
         19,
         28,
         10,
         20
      ],
      "retentionTime": 697.865,
      "scanNumber": 457,
      "precCharge": 4,
      "size": 36
   }