{
         "id": 81123,
         "mozs": [
            123.11763000488281,
            157.13302612304688,
            175.1188201904297,
            202.15440368652344,
            287.1391296386719,
            313.18634033203125,
            317.19171142578125,
            332.15972900390625,
            333.14404296875,
            423.1881103515625,
            461.20208740234375,
            501.3171081542969,
            602.3621826171875,
            623.2958374023438,
            623.3895874023438,
            624.3637084960938,
            673.3987426757812,
            786.482177734375,
            914.5411987304688,
            1258.0789794921875
         ],
         "intensities": [
            166.29708862304688,
            177.348388671875,
            360.1537170410156,
            194.6025848388672,
            250.86473083496094,
            328.8699951171875,
            238.0500030517578,
            495.1262512207031,
            1178.2076416015625,
            1157.1446533203125,
            167.44793701171875,
            254.2113494873047,
            990.6497802734375,
            454.0857849121094,
            379.2972106933594,
            309.4747314453125,
            1585.9083251953125,
            2215.314697265625,
            2184.56298828125,
            169.02438354492188
         ],
         "precMoz": 623.84124756,
         "linkedTo": [
            -1,
            -1,
            -1,
            -1,
            -1,
            -1,
            -1,
            -1,
            -1,
            -1,
            -1,
            -1,
            -1,
            -1,
            -1,
            -1,
            -1,
            -1,
            -1,
            -1
         ],
         "precIntensity": 201618,
         "intensityRanks": [
            19,
            16,
            9,
            15,
            13,
            10,
            14,
            6,
            3,
            4,
            18,
            12,
            5,
            7,
            8,
            11,
            2,
            0,
            1,
            17
         ],
         "retentionTime": 3635.42,
         "scanNumber": 6634,
         "precCharge": 2,
         "size": 48
      }