 {
         "id": 81125,
         "mozs": [
            110.07138061523438,
            140.10646057128906,
            203.13958740234375,
            266.98773193359375,
            272.20074462890625,
            405.7630920410156,
            413.1930236816406,
            419.2696533203125,
            474.2917175292969,
            532.3548583984375,
            566.36669921875,
            775.4844360351562,
            775.9913940429688,
            810.5181274414062,
            835.3927001953125,
            934.4573974609375,
            947.578369140625,
            1018.6109008789062,
            1019.6343994140625,
            1258.0775146484375
         ],
         "intensities": [
            890.52783203125,
            393.8617248535156,
            263.5808410644531,
            253.70213317871094,
            1119.1959228515625,
            282.7242126464844,
            225.9376220703125,
            733.2827758789062,
            287.8292541503906,
            383.1763000488281,
            227.76327514648438,
            1282.9696044921875,
            339.471923828125,
            3029.072509765625,
            372.2537841796875,
            215.85751342773438,
            955.6073608398438,
            951.894287109375,
            379.2044677734375,
            369.4496765136719
         ],
         "precMoz": 775.05810547,
         "linkedTo": [
            -1,
            -1,
            -1,
            -1,
            -1,
            -1,
            -1,
            -1,
            -1,
            -1,
            -1,
            -1,
            -1,
            -1,
            -1,
            -1,
            -1,
            -1,
            -1,
            -1
         ],
         "precIntensity": 106723,
         "intensityRanks": [
            5,
            7,
            15,
            16,
            2,
            14,
            18,
            6,
            13,
            8,
            17,
            1,
            12,
            0,
            10,
            19,
            3,
            4,
            9,
            11
         ],
         "retentionTime": 3807.39,
         "scanNumber": 7091,
         "precCharge": 3,
         "size": 44
      }