 {
         "id": 81126,
         "mozs": [
            112.08684539794922,
            140.106689453125,
            175.11880493164062,
            190.12338256835938,
            197.13995361328125,
            250.0531768798828,
            305.60498046875,
            345.22430419921875,
            374.15374755859375,
            400.168701171875,
            400.2301940917969,
            402.2446594238281,
            404.69268798828125,
            405.1893005371094,
            413.69970703125,
            414.196533203125,
            414.6996154785156,
            428.224853515625,
            443.71551513671875,
            556.2852783203125
         ],
         "intensities": [
            1363.8759765625,
            1486.9888916015625,
            3119.01318359375,
            2624.43212890625,
            1059.6771240234375,
            1951.427734375,
            2134.041015625,
            2168.716552734375,
            1219.7994384765625,
            1443.3392333984375,
            1210.103515625,
            1797.387451171875,
            1168.3382568359375,
            1732.8551025390625,
            3169.220703125,
            3433.92578125,
            1252.0875244140625,
            2666.893798828125,
            1688.93701171875,
            1086.09033203125
         ],
         "precMoz": 463.77310181,
         "linkedTo": [
            -1,
            -1,
            -1,
            -1,
            -1,
            -1,
            -1,
            -1,
            -1,
            -1,
            -1,
            -1,
            -1,
            -1,
            -1,
            -1,
            -1,
            -1,
            -1,
            -1
         ],
         "precIntensity": 41310.3,
         "intensityRanks": [
            13,
            11,
            2,
            4,
            19,
            7,
            6,
            5,
            15,
            12,
            16,
            8,
            17,
            9,
            1,
            0,
            14,
            3,
            10,
            18
         ],
         "retentionTime": 1647.55,
         "scanNumber": 2303,
         "precCharge": 2,
         "size": 128
      }