{
    "id" : 179498,
    "mozs" : [270.2813415527344, 295.69329833984375, 296.42645263671875, 297.349853515625, 314.40618896484375, 339.4094543457031, 349.471435546875, 367.26690673828125, 368.3494873046875, 385.405029296875, 386.442138671875, 391.4982604980469, 409.3327331542969, 410.47021484375, 428.501708984375, 455.446044921875, 465.46478271484375, 467.3736267089844, 482.5098876953125, 483.56610107421875, 499.55126953125, 524.7235107421875, 535.6349487304688, 537.3780517578125, 538.2609252929688, 546.71875, 547.787353515625, 554.538330078125, 593.4893188476562, 594.394775390625, 600.5414428710938, 621.6170654296875, 623.73828125, 630.6923217773438, 631.5493774414062, 638.798583984375, 641.5352172851562, 642.8465576171875, 649.6107177734375, 654.5921020507812, 666.0585327148438, 666.7352905273438, 667.5094604492188, 668.6898803710938, 683.521240234375, 684.674072265625, 685.6304931640625, 694.538818359375, 700.645751953125, 701.4454345703125, 709.5420532226562, 710.1450805664062, 711.0020141601562, 750.682861328125, 751.704833984375, 759.6416625976562, 768.7280883789062, 777.677001953125, 778.6122436523438, 779.6117553710938, 782.8490600585938, 786.069580078125, 788.0291137695312, 789.629638671875, 791.7122192382812, 793.4375610351562, 794.7478637695312, 795.791259765625, 801.589111328125, 803.6917114257812, 804.6488647460938, 805.3024291992188, 805.9589233398438, 806.9671630859375, 807.902587890625, 808.764404296875, 813.5791625976562, 833.8070068359375, 849.8613891601562, 851.8446044921875, 852.8622436523438, 853.66162109375, 867.5492553710938, 868.599365234375, 876.702880859375, 877.6883544921875, 922.9287719726562, 923.873779296875, 933.900634765625, 934.66259765625, 990.9578857421875, 991.793701171875, 992.8530883789062, 1009.8006591796875, 1010.8416748046875, 1033.851318359375, 1035.02001953125, 1051.8505859375, 1052.915283203125, 1086.0382080078125, 1091.86279296875, 1092.8677978515625, 1094.001220703125, 1095.197509765625, 1108.3773193359375, 1163.090576171875, 1164.10498046875, 1218.0677490234375, 1219.2130126953125, 1236.13427734375, 1237.0472412109375, 1238.003173828125, 1242.2008056640625, 1242.85400390625, 1244.00390625, 1260.0316162109375, 1261.0623779296875, 1262.0587158203125, 1331.312255859375, 1332.2216796875, 1333.127685546875, 1400.270751953125, 1418.351318359375, 1419.3958740234375, 1420.3607177734375, 1470.1610107421875, 1471.3275146484375, 1472.1519775390625,1587.90],
    "intensities" : [180.6067352294922, 159.39755249023438, 809.3223266601562, 171.967041015625, 415.8197326660156, 187.22103881835938, 196.51629638671875, 1719.18701171875, 297.58331298828125, 434.8163146972656, 165.82498168945312, 201.36521911621094, 5843.13916015625, 1147.87353515625, 238.6229705810547, 309.607666015625, 134.74880981445312, 213.18692016601562, 199.1474151611328, 482.1844787597656, 249.87457275390625, 308.278564453125, 132.1346435546875, 129.3915557861328, 182.9169158935547, 946.594970703125, 691.7843017578125, 149.2543182373047, 2741.4033203125, 650.598388671875, 148.96775817871094, 2278.90869140625, 317.5126647949219, 13140.8232421875, 728.8892822265625, 176.02597045898438, 418.5840148925781, 184.27516174316406, 213.0937957763672, 294.10516357421875, 3085.64501953125, 1123.4793701171875, 871.7234497070312, 296.8858947753906, 149.03086853027344, 245.4098358154297, 190.27842712402344, 131.0452117919922, 348.0511779785156, 427.3508605957031, 4174.97216796875, 2134.16845703125, 168.5450897216797, 219.49298095703125, 211.2818603515625, 173.55087280273438, 159.6656951904297, 2620.8349609375, 1250.1240234375, 209.09817504882812, 160.3079376220703, 192.1416473388672, 151.97991943359375, 150.6427001953125, 194.07394409179688, 202.2218475341797, 269.588134765625, 144.55088806152344, 232.009765625, 411.547607421875, 1729.4365234375, 636.2518310546875, 198.03546142578125, 234.0528106689453, 542.0597534179688, 145.6332550048828, 435.3652648925781, 388.3238830566406, 449.74432373046875, 990.052978515625, 695.2206420898438, 128.02789306640625, 531.8916625976562, 200.4839324951172, 731.9972534179688, 429.9289855957031, 230.362060546875, 197.09559631347656, 1158.1375732421875, 585.8509521484375, 4495.19970703125, 2973.236328125, 353.6355895996094, 905.35400390625, 322.1336669921875, 235.1042938232422, 254.07431030273438, 602.5455932617188, 227.08456420898438, 211.40985107421875, 2517.60205078125, 1452.5892333984375, 383.2159423828125, 146.6393585205078, 130.7068328857422, 676.013427734375, 298.9526062011719, 246.20516967773438, 193.15074157714844, 618.688232421875, 199.446533203125, 259.9286193847656, 416.4712219238281, 311.31903076171875, 418.8415832519531, 8881.25, 5810.2265625, 1736.68701171875, 440.7171325683594, 304.9162902832031, 192.19186401367188, 280.2134704589844, 2478.388916015625, 2196.193115234375, 659.2811279296875, 861.8934326171875, 634.5303955078125, 380.4995422363281, 88.8125],
    "precMoz" : 822.46313477,
    "linkedTo" : [-1, -1, -1, -1, -1, -1, -1, -1, -1, -1, -1, -1, -1, -1, -1, -1, -1, -1, -1, -1, -1, -1, -1, -1, -1, -1, -1, -1, -1, -1, -1, -1, -1, -1, -1, -1, -1, -1, -1, -1, -1, -1, -1, -1, -1, -1, -1, -1, -1, -1, -1, -1, -1, -1, -1, -1, -1, -1, -1, -1, -1, -1, -1, -1, -1, -1, -1, -1, -1, -1, -1, -1, -1, -1, -1, -1, -1, -1, -1, -1, -1, -1, -1, -1, -1, -1, -1, -1, -1, -1, -1, -1, -1, -1, -1, -1, -1, -1, -1, -1, -1, 100, -1, -1, -1, -1, -1, -1, -1, -1, -1, -1, -1, -1, -1, -1, -1, -1, -1, -1, -1, -1, -1, -1, -1, -1, -1, -1],
    "precIntensity" : 205018,
    "intensityRanks" : [104, 110, 27, 107, 51, 101, 94, 17, 66, 45, 109, 88, 2, 20, 76, 62, 121, 83, 91, 42, 73, 63, 122, 125, 103, 23, 31, 115, 8, 34, 116, 12, 60, 0, 29, 105, 49, 102, 84, 68, 6, 21, 25, 67, 117, 74, 100, 123, 58, 48, 5, 14, 108, 82, 85, 106, 111, 9, 18, 87, 112, 98, 113, 114, 96, 89, 70, 120, 79, 53, 16, 35, 93, 78, 40, 119, 46, 54, 43, 22, 30, 126, 41, 90, 28, 47, 80, 95, 19, 39, 4, 7, 57, 24, 59, 77, 72, 38, 81, 86, 10, 127, 55, 118, 124, 32, 65, 75, 97, 37, 92, 71, 52, 61, 50, 1, 3, 15, 44, 64, 99, 69, 11, 13, 33, 26, 36, 56,45],
    "retentionTime" : 1724.05,
    "scanNumber" : 5842,
    "precCharge" : 2,
    "size" : 128
}