{"name": "[870.9967-871.0315]", "expSpectra": [
    {
        "precMoz": 871.00913897011,
        "size": 110,
        "mozs": [107.83988189697266, 133.23538208007812, 146.1206817626953, 153.21119689941406, 167.1158905029297, 169.0968017578125, 171.45388793945312, 185.1265106201172, 191.2713165283203, 209.13101196289062, 235.8533477783203, 238.1294403076172, 249.1662139892578, 259.1514892578125, 270.14251708984375, 275.1461181640625, 277.1614990234375, 304.1622619628906, 307.1507568359375, 325.1619873046875, 326.16973876953125, 363.205810546875, 363.2486877441406, 368.20281982421875, 378.18768310546875, 385.2275695800781, 386.2282409667969, 396.19732666015625, 401.21441650390625, 418.239501953125, 419.2373962402344, 420.2392272949219, 492.7869873046875, 555.031005859375, 593.3528442382812, 611.3748779296875, 634.3712158203125, 634.8765258789062, 642.8790893554688, 643.3824462890625, 643.8822631835938, 644.3811645507812, 698.0656127929688, 779.9539794921875, 780.9635009765625, 781.4560546875, 781.9610595703125, 788.451416015625, 788.9580688476562, 794.4475708007812, 802.9652709960938, 803.5000610351562, 811.4901123046875, 811.9872436523438, 812.485595703125, 812.986328125, 815.9708862304688, 816.4763793945312, 824.4833374023438, 824.978515625, 825.4754028320312, 825.9754638671875, 839.9927368164062, 840.4885864257812, 840.9762573242188, 841.47265625, 843.5009155273438, 848.9953002929688, 849.4983520507812, 849.9947509765625, 856.4886474609375, 856.9918212890625, 862.0027465820312, 862.498779296875, 862.998046875, 863.5064086914062, 863.9957275390625, 864.4913940429688, 871.0092163085938, 871.5076293945312, 872.0079956054688, 872.5082397460938, 902.5626220703125, 959.6002807617188, 1016.6159057617188, 1017.6349487304688, 1117.6607666015625, 1118.6708984375, 1131.6300048828125, 1149.674072265625, 1176.327392578125, 1188.704345703125, 1190.6826171875, 1267.716552734375, 1284.7589111328125, 1285.7529296875, 1286.7491455078125, 1294.7930908203125, 1301.7432861328125, 1322.787353515625, 1323.79150390625, 1324.769775390625, 1356.79443359375, 1357.8150634765625, 1443.82568359375, 1444.8206787109375, 1556.8963623046875, 1557.875732421875, 1558.8992919921875, 1575.90478515625],
        "precCharge": 2,
        "retentionTime": 2472.43002,
        "id": "scans_id=36609&ms2_id=5277",
        "scanNumber": 6814,
        "intensityRanks": [80, 83, 55, 88, 9999, 62, 82, 5, 87, 37, 79, 16, 40, 9999, 78, 64, 9999, 58, 9999, 32, 9999, 86, 84, 44, 9999, 68, 61, 34, 9999, 67, 11, 49, 85, 75, 74, 36, 46, 9999, 57, 9999, 35, 63, 81, 77, 9999, 18, 9999, 47, 9999, 65, 54, 27, 19, 8, 10, 9999, 43, 9999, 9, 2, 3, 38, 13, 22, 12, 21, 72, 24, 9999, 28, 70, 9999, 17, 4, 6, 9999, 53, 56, 1, 0, 9999, 9999, 76, 39, 14, 60, 23, 9999, 71, 50, 66, 33, 73, 69, 31, 7, 15, 41, 42, 48, 9999, 52, 30, 51, 20, 29, 45, 25, 26, 59],
        "intensities": [245.83444213867188, 230.2779083251953, 416.9458312988281, 220.36691284179688, 241.19708251953125, 394.8255310058594, 230.39918518066406, 4309.91357421875, 221.6611328125, 744.1294555664062, 245.86019897460938, 1778.2442626953125, 731.771728515625, 251.18972778320312, 247.4945068359375, 351.6178283691406, 620.65234375, 400.77978515625, 742.0253295898438, 849.1913452148438, 242.65867614746094, 227.30137634277344, 228.54815673828125, 596.7885131835938, 749.0875244140625, 323.5496826171875, 395.3211364746094, 796.3580322265625, 1921.864990234375, 330.3974914550781, 2421.500244140625, 486.46441650390625, 228.0001220703125, 259.95672607421875, 268.20416259765625, 774.2849731445312, 516.2933959960938, 252.10299682617188, 401.7129211425781, 3509.27197265625, 793.22900390625, 390.823486328125, 235.44810485839844, 252.89959716796875, 370.5958251953125, 1694.353515625, 635.7972412109375, 505.8013000488281, 359.3927307128906, 342.8398742675781, 424.4074401855469, 1054.4580078125, 1610.984375, 3626.7421875, 2663.640869140625, 610.7575073242188, 618.8146362304688, 516.2655639648438, 3086.780517578125, 10215.7724609375, 6877.52392578125, 743.2604370117188, 1985.6837158203125, 1316.2921142578125, 2254.403564453125, 1551.132568359375, 273.2706604003906, 1197.0694580078125, 1719.3345947265625, 1042.72265625, 277.8466491699219, 338.6191101074219, 1713.3428955078125, 5221.75537109375, 4110.80224609375, 733.1024169921875, 428.97412109375, 401.8000183105469, 40289.12890625, 135123.171875, 80730.171875, 13239.93359375, 256.3050842285156, 736.3805541992188, 1923.3563232421875, 397.1596374511719, 1295.7392578125, 398.3084411621094, 274.9841613769531, 454.45159912109375, 334.51953125, 811.5420532226562, 270.78076171875, 320.89886474609375, 856.6302490234375, 3799.543701171875, 1918.4840087890625, 654.1143798828125, 621.0164794921875, 499.93096923828125, 1399.9949951171875, 429.30517578125, 887.8836669921875, 453.82391357421875, 1610.1612548828125, 941.186767578125, 552.4439697265625, 1130.2545166015625, 1107.65966796875, 400.4584655761719]
    },
    {
        "precMoz": 871.00928175939,
        "size": 75,
        "mozs": [103.4759521484375, 105.36498260498047, 108.94778442382812, 114.48068237304688, 114.86988067626953, 145.28509521484375, 146.1200408935547, 169.863525390625, 170.28433227539062, 172.0567626953125, 185.1258087158203, 201.86639404296875, 209.12921142578125, 238.12857055664062, 257.26275634765625, 266.6490478515625, 277.15887451171875, 285.4928283691406, 292.108642578125, 298.9855651855469, 357.23370361328125, 378.186767578125, 401.2150573730469, 416.2041015625, 419.2361755371094, 422.4959716796875, 543.2775268554688, 632.2603149414062, 634.376953125, 643.3748779296875, 643.8829345703125, 686.7374267578125, 743.3004760742188, 751.9323120117188, 765.584716796875, 779.4468383789062, 781.4553833007812, 803.4976806640625, 811.4837036132812, 811.9907836914062, 823.9766235351562, 824.4807739257812, 824.984130859375, 839.4907836914062, 840.9699096679688, 848.499755859375, 849.0018310546875, 849.4887084960938, 856.4976806640625, 861.4935302734375, 862.0023803710938, 862.5031127929688, 863.9848022460938, 870.5089111328125, 871.0087280273438, 871.5093994140625, 935.3453979492188, 976.2594604492188, 1016.61669921875, 1116.655029296875, 1130.6368408203125, 1150.7169189453125, 1225.4246826171875, 1285.7423095703125, 1286.740234375, 1293.7869873046875, 1322.780029296875, 1323.7799072265625, 1356.7880859375, 1443.8304443359375, 1444.8258056640625, 1526.519287109375, 1529.8408203125, 1556.888427734375, 1557.878662109375],
        "precCharge": 2,
        "retentionTime": 2476.5600000000004,
        "id": "scans_id=36609&ms2_id=5301",
        "scanNumber": 6840,
        "intensityRanks": [67, 44, 57, 63, 64, 66, 29, 68, 69, 55, 3, 61, 23, 17, 56, 58, 39, 40, 60, 65, 33, 32, 6, 59, 13, 62, 54, 51, 43, 12, 34, 37, 47, 53, 52, 30, 31, 26, 4, 7, 10, 9999, 9999, 18, 11, 28, 9999, 50, 41, 24, 2, 9999, 48, 1, 0, 9999, 38, 36, 15, 46, 35, 45, 49, 5, 20, 27, 8, 14, 21, 19, 22, 25, 42, 9, 16],