{"name": "[853.9716-854.0057]", "expSpectra": [
    {
        "precMoz": 853.98434493967,
        "size": 49,
        "mozs": [113.11499786376953, 133.27825927734375, 137.802490234375, 175.11891174316406, 184.76461791992188, 241.3150634765625, 258.3817443847656, 283.8370361328125, 351.36224365234375, 392.201416015625, 409.22918701171875, 513.482421875, 589.7293090820312, 630.86669921875, 648.9095458984375, 754.3990478515625, 766.9420776367188, 794.4688720703125, 794.9758911132812, 803.6671752929688, 807.4500122070312, 807.961181640625, 808.45703125, 811.221923828125, 811.567626953125, 823.9711303710938, 824.4691772460938, 824.9771728515625, 832.478271484375, 832.982177734375, 844.972412109375, 845.46240234375, 845.98388671875, 846.4761962890625, 846.97900390625, 853.9854736328125, 854.4863891601562, 854.9874267578125, 1099.7327880859375, 1205.7093505859375, 1259.7244873046875, 1260.7412109375, 1298.75146484375, 1299.752197265625, 1418.7576904296875, 1532.8546142578125, 1533.88623046875, 1540.593017578125, 1560.447509765625],
        "precCharge": 2,
        "retentionTime": 2493.8599799999997,
        "id": "scans_id=36609&ms2_id=5409",
        "scanNumber": 6955,
        "intensityRanks": [41, 39, 37, 4, 40, 38, 27, 32, 29, 9999, 9, 28, 36, 16, 33, 19, 31, 5, 21, 35, 1, 2, 9999, 34, 30, 10, 11, 9999, 12, 9999, 22, 3, 8, 7, 9999, 0, 9999, 9999, 25, 26, 6, 14, 13, 18, 20, 15, 24, 23, 17],
        "intensities": [1578.348876953125, 1642.51220703125, 1717.5518798828125, 8874.3671875, 1620.281982421875, 1692.0118408203125, 2033.1702880859375, 1898.5057373046875, 1945.5107421875, 4712.984375, 5304.1708984375, 1988.6715087890625, 1738.7591552734375, 3229.46337890625, 1898.2415771484375, 2898.21533203125, 1918.8924560546875, 6233.76953125, 2750.82861328125, 1792.5887451171875, 18586.48046875, 17429.748046875, 7655.74658203125, 1873.5230712890625, 1937.316162109375, 5258.501953125, 4825.18115234375, 4438.96044921875, 4701.14892578125, 3597.4345703125, 2712.33740234375, 9591.7392578125, 5709.568359375, 5809.720703125, 3500.490478515625, 252144.453125, 243859.96875, 105621.109375, 2052.64794921875, 2038.5509033203125, 5944.185546875, 3753.568115234375, 3851.64111328125, 2963.507080078125, 2787.05322265625, 3386.868896484375, 2217.8837890625, 2263.286865234375, 3009.90380859375]
    },
    {
        "precMoz": 853.98444933818,
        "size": 58,
        "mozs": [120.0851821899414, 121.5067367553711, 124.30951690673828, 127.91666412353516, 134.99502563476562, 142.32054138183594, 149.31507873535156, 150.64260864257812, 167.58740234375, 175.1182861328125, 231.11129760742188, 234.7604522705078, 240.20941162109375, 253.35682678222656, 270.1426086425781, 377.2195129394531, 392.2054138183594, 409.23040771484375, 505.032958984375, 525.568115234375, 545.2960205078125, 630.3609619140625, 700.8475952148438, 734.3734130859375, 760.3629760742188, 764.9326782226562, 794.4584350585938, 794.9697265625, 807.4521484375, 807.9515991210938, 823.971923828125, 824.4539794921875, 831.9829711914062, 832.97265625, 833.4708251953125, 845.4684448242188, 845.9776611328125, 853.4125366210938, 853.9844360351562, 854.4854736328125, 871.9073486328125, 893.3630981445312, 913.13037109375, 990.5839233398438, 1023.9248657226562, 1131.99853515625, 1259.720458984375, 1260.7149658203125, 1298.76904296875, 1299.760009765625, 1310.5599365234375, 1387.39013671875, 1417.7935791015625, 1425.58544921875, 1435.45068359375, 1532.857177734375, 1533.875732421875, 1674.1768798828125],
        "precCharge": 2,
        "retentionTime": 2495.05002,
        "id": "scans_id=36609&ms2_id=5414",
        "scanNumber": 6961,
        "intensityRanks": [52, 40, 9999, 54, 53, 50, 38, 46, 44, 7, 22, 47, 48, 51, 23, 35, 9999, 10, 49, 34, 24, 17, 42, 33, 29, 21, 8, 11, 1, 2, 13, 16, 19, 26, 28, 3, 5, 6, 0, 9999, 41, 32, 45, 36, 43, 37, 4, 15, 9, 18, 31, 30, 20, 27, 25, 14, 12, 39],
        "intensities": [1133.794921875, 1318.29052734375, 1362.6568603515625, 1098.6888427734375, 1125.7193603515625, 1178.436279296875, 1388.9482421875, 1248.8773193359375, 1281.556884765625, 6386.69482421875, 2172.43994140625, 1243.7158203125, 1239.23828125, 1173.9306640625, 2122.322021484375, 1455.7906494140625, 3280.57275390625, 4706.01513671875, 1217.4398193359375, 1461.5999755859375, 2069.042236328125, 2661.615966796875, 1293.084716796875, 1480.0330810546875, 1773.50244140625, 2177.540283203125, 5889.6943359375, 3959.471923828125, 13985.7548828125, 9163.611328125, 3389.592529296875, 2915.01318359375, 2344.142578125, 1901.3717041015625, 1808.6207275390625, 8221.263671875, 7951.48974609375, 7388.8525390625, 205897.34375, 192089.640625, 1303.17822265625, 1484.6094970703125, 1281.4443359375, 1410.05615234375, 1289.63330078125, 1399.200439453125, 8109.53857421875, 2952.417724609375, 5864.15478515625, 2450.72265625, 1524.3746337890625, 1539.7911376953125, 2302.322509765625, 1854.031982421875, 1981.9884033203125, 3102.3251953125, 3763.435546875, 1381.35791015625]
    },
    {
        "precMoz": 853.9756307582,
        "size": 64,
        "mozs": [105.5753402709961, 109.17428588867188, 110.79769897460938, 118.30067443847656, 121.33079528808594, 123.79727935791016, 127.32350158691406, 129.33738708496094, 131.75624084472656, 131.80667114257812, 140.1067657470703, 141.30978393554688, 148.62783813476562, 157.1326141357422, 157.77024841308594, 159.3748779296875, 166.00132751464844, 175.11790466308594, 182.6632537841797, 183.3623046875, 185.1265106201172, 207.1566162109375, 220.42535400390625, 234.15097045898438, 249.7895965576172, 256.3245849609375, 268.16546630859375, 272.9823913574219, 286.174072265625, 298.2116394042969, 350.176025390625, 360.68115234375, 367.23297119140625, 555.20849609375, 575.6572875976562, 635.841796875, 706.4210815429688, 722.3756713867188, 766.8193969726562, 785.96826171875, 794.468017578125, 794.96923828125, 798.4469604492188, 798.9486694335938, 807.4649047851562, 807.961181640625, 837.4329223632812, 844.980224609375, 845.4854736328125, 853.4859008789062, 853.9850463867188, 854.4623413085938, 904.55419921875, 985.8484497070312, 1019.5917358398438, 1150.6204833984375, 1215.719482421875, 1221.6556396484375, 1322.708984375, 1421.768310546875, 1512.2626953125, 1522.8455810546875, 1532.7625732421875, 1693.3232421875],
        "precCharge": 2,
        "retentionTime": 4405.02,
        "id": "scans_id=36609&ms2_id=13258",
        "scanNumber": 15328,
        "intensityRanks": [54, 43, 59, 57, 46, 55, 56, 58, 41, 35, 4, 50, 49, 17, 53, 47, 34, 16, 36, 38, 18, 52, 44, 48, 45, 40, 32, 42, 12, 13, 51, 39, 23, 24, 31, 37, 30, 22, 27, 8, 9, 9999, 19, 9999, 15, 2, 9999, 10, 9999, 1, 3, 0, 20, 29, 7, 11, 28, 6, 5, 14, 21, 26, 33, 25],
        "intensities": [125.25841522216797, 140.0340118408203, 111.77912902832031, 115.58927917480469, 138.08419799804688, 120.73404693603516, 120.3752212524414, 114.6573486328125, 143.0773162841797, 153.07456970214844, 709.6530151367188, 133.3184051513672, 135.173095703125, 259.402099609375, 126.65956115722656, 136.92251586914062, 154.10916137695312, 297.0075378417969, 151.6972198486328, 147.94171142578125, 256.3244934082031, 129.89886474609375, 138.95115661621094, 136.8021240234375, 138.9151153564453, 143.87582397460938, 157.6951141357422, 141.23818969726562, 416.6782531738281, 413.7963562011719, 132.880615234375, 146.9339599609375, 171.5810546875, 170.23538208007812, 158.35292053222656, 148.13491821289062, 159.361572265625, 202.37374877929688, 164.45851135253906, 488.5469970703125, 475.71466064453125, 631.3197631835938, 245.71197509765625, 947.5181274414062, 307.8895263671875, 777.6760864257812, 237.01718139648438, 448.4779357910156, 1753.4813232421875, 3020.38720703125, 728.36572265625, 6962.55078125, 235.2438507080078, 160.28529357910156, 558.0187377929688, 447.13232421875, 164.38360595703125, 564.2377319335938, 661.2281494140625, 373.5908508300781, 216.49855041503906, 165.25807189941406, 156.23809814453125, 165.5867462158203]
    }
], "massInf": {
    "value": 853.9715847073218
},