{"name": "[870.9967-871.0315]", "expSpectra": [
    {
        "precMoz": 871.00926862792,
        "size": 17,
        "mozs": [185.1263427734375, 419.2332763671875, 442.25262451171875, 811.986572265625, 812.4788818359375, 812.9888916015625, 824.9766845703125, 825.4712524414062, 825.9695434570312, 862.4946899414062, 862.99462890625, 871.506591796875, 872.004150390625, 872.5068969726562, 1285.7548828125, 1301.748779296875, 1459.8157958984375],
        "precCharge": 2,
        "retentionTime": 2456.56002,
        "id": "scans_id=36610&ms2_id=5168",
        "scanNumber": 6709,
        "intensityRanks": [14, 11, 13, 7, 3, 8, 5, 2, 4, 12, 9, 1, 0, 9999, 15, 6, 10],
        "intensities": [628.0250854492188, 819.2677001953125, 702.7796020507812, 1108.2967529296875, 2557.4404296875, 1067.29150390625, 1560.2015380859375, 4831.4033203125, 2372.843017578125, 707.5128173828125, 871.3817749023438, 13717.89453125, 14874.392578125, 6216.89404296875, 541.2069702148438, 1432.31494140625, 847.41943359375]
    },
    {
        "precMoz": 871.00983920577,
        "size": 54,
        "mozs": [116.9578628540039, 128.23333740234375, 172.64959716796875, 178.950927734375, 182.7502899169922, 183.57736206054688, 185.12669372558594, 200.1619415283203, 209.13145446777344, 259.15228271484375, 307.18310546875, 325.09967041015625, 363.6263732910156, 374.00006103515625, 380.6902770996094, 401.2133483886719, 410.77978515625, 419.23602294921875, 434.7024230957031, 435.07696533203125, 449.26318359375, 538.156494140625, 595.582763671875, 622.28173828125, 674.292236328125, 787.9639892578125, 791.140869140625, 808.781982421875, 810.9892578125, 811.4882202148438, 811.9990234375, 812.130126953125, 817.4631958007812, 823.9830322265625, 824.4785766601562, 824.9838256835938, 839.5029296875, 840.476806640625, 840.9877319335938, 845.4939575195312, 848.489990234375, 848.9945068359375, 862.001220703125, 862.4915161132812, 870.5120239257812, 871.009521484375, 871.5121459960938, 1201.9539794921875, 1213.4014892578125, 1285.75537109375, 1322.795166015625, 1379.7403564453125, 1401.263671875, 1556.8936767578125],
        "precCharge": 2,
        "retentionTime": 2490.6600000000003,
        "id": "scans_id=36610&ms2_id=5371",
        "scanNumber": 6926,
        "intensityRanks": [42, 44, 41, 32, 46, 49, 4, 39, 17, 48, 47, 45, 23, 43, 31, 14, 38, 36, 29, 34, 33, 35, 40, 26, 18, 11, 25, 30, 22, 5, 9999, 28, 13, 10, 2, 9999, 15, 16, 19, 37, 12, 9999, 3, 6, 1, 0, 9999, 21, 20, 9, 7, 27, 24, 8],
        "intensities": [172.5324249267578, 170.03829956054688, 172.90257263183594, 183.42919921875, 165.56666564941406, 152.6695556640625, 1026.2904052734375, 175.16693115234375, 303.4067077636719, 160.94607543945312, 165.25303649902344, 166.74163818359375, 210.15370178222656, 171.20089721679688, 186.615234375, 350.7339782714844, 177.48362731933594, 178.59474182128906, 190.88584899902344, 180.81494140625, 181.3988800048828, 180.06936645507812, 174.08792114257812, 198.05072021484375, 291.8099670410156, 476.7110595703125, 203.8712158203125, 190.72010803222656, 210.161376953125, 758.602294921875, 449.0625915527344, 191.38198852539062, 351.40240478515625, 514.5709838867188, 1648.1875, 897.433349609375, 329.3422546386719, 316.63140869140625, 263.7043151855469, 178.40687561035156, 361.51239013671875, 522.9041137695312, 1274.9189453125, 695.8971557617188, 6855.111328125, 27682.216796875, 17293.56640625, 214.2216339111328, 219.82028198242188, 533.5223388671875, 612.6172485351562, 195.67225646972656, 205.58949279785156, 540.991943359375]
    },
    {
        "precMoz": 871.00956775998,
        "size": 166,
        "mozs": [103.01032257080078, 103.10604095458984, 103.11199188232422, 104.10945129394531, 120.96922302246094, 128.7498321533203, 138.06690979003906, 141.23269653320312, 159.54608154296875, 160.14930725097656, 169.09576416015625, 175.58123779296875, 177.2025604248047, 178.15924072265625, 183.77896118164062, 184.12440490722656, 185.1264190673828, 187.30572509765625, 188.7693328857422, 192.08984375, 194.09317016601562, 204.1385498046875, 212.89425659179688, 214.14755249023438, 242.14996337890625, 248.18475341796875, 266.1960144042969, 270.14434814453125, 270.169189453125, 276.1783142089844, 276.87884521484375, 294.1892395019531, 296.19390869140625, 297.1957092285156, 298.2004699707031, 301.2101135253906, 302.1578063964844, 308.18280029296875, 312.47430419921875, 320.1656188964844, 322.1849060058594, 325.1914367675781, 326.19390869140625, 327.197265625, 334.0276184082031, 345.1990661621094, 347.2159118652344, 363.2095947265625, 365.2255554199219, 366.2284851074219, 373.01837158203125, 373.1936950683594, 382.8511657714844, 388.2599182128906, 391.2034606933594, 395.2145690917969, 396.2178955078125, 401.2154846191406, 412.2227478027344, 413.2253112792969, 414.22882080078125, 418.23687744140625, 419.1107482910156, 419.2373046875, 420.2379150390625, 438.25921630859375, 466.253173828125, 483.2549133300781, 484.26226806640625, 494.8126220703125, 522.2232666015625, 545.3389282226562, 580.8639526367188, 597.8653564453125, 607.3577270507812, 610.371337890625, 611.3732299804688, 620.3712768554688, 620.884033203125, 628.881591796875, 629.3827514648438, 629.8842163085938, 647.38720703125, 655.8943481445312, 664.3966674804688, 664.9005126953125, 665.4046020507812, 676.2713623046875, 699.407470703125, 707.9136962890625, 708.4166870117188, 708.919189453125, 762.4495849609375, 774.4972534179688, 775.5121459960938, 776.5137329101562, 801.9824829101562, 802.4839477539062, 802.98095703125, 810.4943237304688, 810.9911499023438, 811.490966796875, 811.9923706054688, 813.0865478515625, 814.9744262695312, 815.472900390625, 815.9727172851562, 823.4794311523438, 823.9834594726562, 824.4808349609375, 824.981201171875, 839.5260620117188, 848.9943237304688, 849.4924926757812, 852.9971923828125, 853.5009765625, 861.49755859375, 862.0047607421875, 862.5029296875, 870.0087280273438, 870.5086669921875, 871.0088500976562, 871.5090942382812, 874.5822143554688, 931.60107421875, 970.6080932617188, 987.6199340820312, 988.6212158203125, 989.6249389648438, 1011.6138305664062, 1073.6473388671875, 1074.6282958984375, 1088.668212890625, 1089.669677734375, 1090.67431640625, 1091.64990234375, 1130.6512451171875, 1131.6453857421875, 1159.7088623046875, 1160.7056884765625, 1203.7568359375, 1213.7344970703125, 1229.7305908203125, 1237.93701171875, 1238.744140625, 1239.7274169921875, 1240.7403564453125, 1256.757568359375, 1257.7576904296875, 1258.7607421875, 1293.7767333984375, 1322.793212890625, 1323.7869873046875, 1327.7813720703125, 1328.80029296875, 1329.7972412109375, 1396.82666015625, 1397.8165283203125, 1398.8209228515625, 1414.82861328125, 1415.82763671875, 1416.8306884765625, 1426.797119140625, 1437.8580322265625, 1556.8780517578125, 1557.8870849609375],
        "precCharge": 2,
        "retentionTime": 2876.28,
        "id": "scans_id=36610&ms2_id=6893",
        "scanNumber": 8549,
        "intensityRanks": [122, 63, 95, 4, 119, 97, 85, 107, 123, 9999, 76, 124, 120, 7, 111, 109, 12, 117, 112, 121, 37, 41, 118, 113, 73, 9999, 104, 60, 89, 9999, 98, 29, 90, 14, 103, 116, 23, 9999, 114, 31, 54, 33, 3, 28, 115, 9999, 9999, 58, 9999, 70, 99, 9999, 101, 79, 43, 9999, 9999, 69, 84, 9, 39, 52, 105, 6, 45, 74, 9999, 87, 9999, 40, 108, 30, 72, 81, 100, 80, 9999, 25, 77, 16, 9999, 9999, 75, 102, 24, 9999, 9999, 96, 49, 67, 9999, 9999, 110, 56, 21, 9999, 48, 9999, 32, 50, 10, 1, 9999, 94, 82, 27, 53, 64, 9999, 5, 9999, 34, 78, 106, 9999, 9999, 38, 19, 9999, 51, 8, 9999, 9999, 42, 26, 9999, 47, 13, 9999, 66, 9999, 91, 55, 15, 9999, 88, 36, 65, 71, 20, 35, 68, 57, 93, 9999, 9999, 61, 11, 0, 9999, 59, 22, 44, 46, 18, 9999, 86, 9999, 9999, 17, 2, 9999, 92, 83, 62, 9999],