{"name": "[853.9716-854.0057]", "expSpectra": [], "massInf": {
    "value": 853.9715847073218
}, "retentionTimes": [1.1616, 271.23498, 271.75698, 272.62698, 458.62602000000004, 459.81798, 460.71497999999997, 529.07502, 530.01498, 530.9549999999999, 589.326, 592.1050200000001, 593.72802, 679.395, 680.2489800000001, 680.8050000000001, 715.52802, 716.38902, 717.30498, 742.25802, 742.74702, 743.95602, 794.81898, 795.30498, 795.786, 811.94598, 812.427, 812.97498, 828.21498, 828.75498, 829.5880199999999, 841.7449799999999, 842.21802, 843.105, 914.81502, 916.00602, 916.5450000000001, 2457.16002, 2459.62998, 2462.1499799999997, 2464.63002, 2466.96, 2469.2400000000002, 2471.56002, 2473.77, 2476.24998, 2478.61998, 2480.92998, 2483.2900200000004, 2485.66998, 2489.25, 2493.8599799999997, 2496.58998, 2499.5099999999998, 2502.7200000000003, 2506.00998, 2509.45998, 2634.4300200000002, 2638.57998, 2642.85, 2646.0, 2649.07002, 2652.10998, 2655.16998, 2658.48, 2662.08, 2665.81002, 2669.62998, 2673.9100200000003, 2677.05, 2700.6600000000003, 2704.57998, 2708.17002, 2711.86002, 2715.9199799999997, 2720.20998, 2724.57, 2869.00002, 2873.38002, 2876.88, 2880.1499999999996, 2883.0, 2885.86002, 2888.79, 2891.7799800000003, 2894.53998, 2897.64, 2901.28998, 2905.57002, 3637.5100199999997, 3640.65, 3644.13, 3708.7600199999997, 3711.79998, 3715.00998, 3718.35, 3722.16, 3725.65998, 3802.72002, 3807.13002, 3811.63998, 3958.92, 3963.19998, 3967.29, 4069.95, 4073.17002, 4076.5099800000003, 4079.4199800000006, 4097.969999999999, 4100.80998, 4103.37, 4228.51002, 4232.44998, 4236.78, 4245.82998, 4250.11998, 4254.88998, 4399.0399800000005, 4401.66, 4404.75, 4407.94002, 4445.58, 4448.11998, 4451.17998, 4454.219999999999, 5093.5000199999995, 5099.35998, 5105.26002, 5188.78998, 5190.089999999999, 5190.66, 5400.01998], "massSup": {
    "value": 854.0057442538975
}, "type": "xic", "intensities": [0.0, 0.0, 662.816, 0.0, 0.0, 733.066, 0.0, 0.0, 498.82, 0.0, 0.0, 563.762, 0.0, 0.0, 783.045, 0.0, 0.0, 746.264, 0.0, 0.0, 813.726, 0.0, 0.0, 1241.24, 0.0, 0.0, 785.365, 0.0, 0.0, 809.364, 0.0, 0.0, 851.57, 0.0, 0.0, 1312.47, 0.0, 0.0, 115736.0, 1505950.0, 4084280.0, 4370450.0, 4103310.0, 3253600.0, 2325130.0, 1631840.0, 1249460.0, 1043250.0, 824345.0, 566926.0, 351103.0, 177588.0, 84377.2, 0.0, 10513.6, 10090.1, 0.0, 0.0, 4910.71, 446839.0, 1192510.0, 1441010.0, 1362010.0, 1199860.0, 653805.0, 395068.0, 151485.0, 80555.5, 40339.2, 0.0, 0.0, 12185.1, 30378.0, 85798.1, 62887.4, 19649.9, 0.0, 0.0, 56959.9, 379908.0, 714154.0, 1099140.0, 1366960.0, 1464800.0, 976261.0, 492725.0, 255414.0, 95581.8, 0.0, 0.0, 26749.6, 0.0, 0.0, 21509.6, 49594.7, 33596.3, 9685.18, 0.0, 0.0, 5640.66, 0.0, 0.0, 8658.14, 0.0, 0.0, 17115.4, 12730.3, 0.0, 0.0, 21294.6, 0.0, 0.0, 4665.45, 0.0, 0.0, 7368.98, 0.0, 0.0, 60975.3, 32825.1, 0.0, 0.0, 21817.4, 20050.4, 0.0, 0.0, 4817.55, 0.0, 0.0, 630.561, 0.0, 0.0]}